wid	txtid	inv_nr	cth_number	lnr	trans	text	text_tags	text_clean	subscr	matlect	num	sign	corr	deleted	added	ras	rasx	gap	note	link	mrp0sel	combined
0	KUB 26.2		231	Vs. 1′			<del_in/>	[														{'lg': 'Hit'}
1	KUB 26.2		231	Vs. 1′			<space c=9/>	*********														{'lg': 'Hit'}
2	KUB 26.2		231	Vs. 1′	~kan~	-ká	"-ká<del_fin/>n<corr c=""?""/>(-)<del_in/>"	-ká]n(-)[					"ká]n<corr c=""?""/>"								DEL	{'lg': 'Hit'}
3	KUB 26.2		231	Vs. 2′			<del_in/>	[														{'lg': 'Hit'}
4	KUB 26.2		231	Vs. 2′			"<space c=""9""/>"	*********														{'lg': 'Hit'}
5	KUB 26.2		231	Vs. 2′			<del_fin/>	]														{'lg': 'Hit'}
6	KUB 26.2		231	Vs. 2′	KÁ.GAL		<sGr>KÁ.GA<del_in/>L</sGr>	KÁ.GA[L													1all 	{'lg': 'Hit', 'mrp1': 'KÁ.GAL=@Tor@{ a → NOM.SG(UNM)} { b → ACC.SG(UNM)} { c → NOM.PL(UNM)} { d → ACC.PL(UNM)} { e → GEN.SG(UNM)} { f → GEN.PL(UNM)} { g → D/L.SG(UNM)} { h → D/L.PL(UNM)} { i → ALL(UNM)} { j → ABL(UNM)} { k → INS(UNM)} { l → VOC.SG(UNM)} { m → VOC.PL(UNM)}@28.1.1@(GIŠ)', 'mrp2': 'KÁ.GAL=@Tor@{ a → NOM.SG(UNM)} { b → ACC.SG(UNM)} { c → NOM.PL(UNM)} { d → ACC.PL(UNM)} { e → GEN.SG(UNM)} { f → GEN.PL(UNM)} { g → D/L.SG(UNM)} { h → D/L.PL(UNM)} { i → ALL(UNM)} { j → ABL(UNM)} { k → INS(UNM)} { l → VOC.SG(UNM)} { m → VOC.PL(UNM)}@29.3@(GIŠ)'}
7	KUB 26.2		231	Vs. 3′			<del_in/>	[														{'lg': 'Hit'}
8	KUB 26.2		231	Vs. 3′			"<space c=""9""/>"	*********														{'lg': 'Hit'}
9	KUB 26.2		231	Vs. 3′			<del_fin/>	]														{'lg': 'Hit'}
10	KUB 26.2		231	Vs. 3′	tanzi	da-a-an-z	da-a-an-z<del_in/>i	da-a-an-z[i													1	{'lg': 'Hit', 'mrp1': 'dā-/d-@nehmen@3PL.PRS@II.2@'}
11	KUB 26.2		231	Vs. 4′			<del_in/>	[														{'lg': 'Hit'}
12	KUB 26.2		231	Vs. 4′			"<space c=""9""/>"	*********														{'lg': 'Hit'}
13	KUB 26.2		231	Vs. 4′			<del_fin/>x-a-an-zi	]x-a-an-zi													DEL	{'lg': 'Hit'}
14	KUB 26.2		231	Vs. 4′	ḫuri~	ḫu-u-ri-	ḫu-u-ri-<del_in/>	ḫu-u-ri-[													DEL	{'lg': 'Hit'}
15	KUB 26.2		231	Vs. 5′			<del_in/>	[														{'lg': 'Hit'}
16	KUB 26.2		231	Vs. 5′			"<space c=""9""/>"	*********														{'lg': 'Hit'}
17	KUB 26.2		231	Vs. 5′			<del_fin/>x-wa-a-an-zi	]x-wa-a-an-zi													DEL	{'lg': 'Hit'}
18	KUB 26.2		231	Vs. 5′	tat	ta-a	ta-a<del_in/>t	ta-a[t													1all 	{'lg': 'Hit', 'mrp1': 'ta=at@@{ a → CONNt=PPRO.3SG.N.NOM} { b → CONNt=PPRO.3SG.N.ACC} { c → CONNt=PPRO.3PL.C.NOM} { d → CONNt=PPRO.3PL.N.NOM} { e → CONNt=PPRO.3PL.N.ACC}@@', 'mrp2': 'tat=a-@Tata@{ a → GN.NOM.SG(UNM)} { b → GN.ACC.SG(UNM)} { c → GN.GEN.SG(UNM)} { d → GN.D/L.SG(UNM)} { e → GN.ALL(UNM)} { f → GN.ABL(UNM)} { g → GN.INS(UNM)} { h → GN.VOC.SG(UNM)} { i → GN.HURR.ABS.SG}@39.2@URU'}
19	KUB 26.2		231	Vs. 6′			<del_in/>	[														{'lg': 'Hit'}
20	KUB 26.2		231	Vs. 6′			"<space c=""9""/>"	*********														{'lg': 'Hit'}
21	KUB 26.2		231	Vs. 6′			<del_fin/>	]														{'lg': 'Hit'}
22	KUB 26.2		231	Vs. 6′	katta	kat-ta	kat-ta	kat-ta													1 2 	{'lg': 'Hit', 'mrp1': 'katta@unten@@ADV@', 'mrp2': 'katta@unter@@POSP@', 'mrp3': 'katta@unter-@@PREV@'}
23	KUB 26.2		231	Vs. 6′	katterri	kat-te-er-ri	kat-te-er-ri	kat-te-er-ri													1	{'lg': 'Hit', 'mrp1': 'katterr=a-@unterer@D/L.SG@1.3@'}
24	KUB 26.2		231	Vs. 6′			<del_in/>	[														{'lg': 'Hit'}
25	KUB 26.2		231	Vs. 7′			<del_in/>	[														{'lg': 'Hit'}
26	KUB 26.2		231	Vs. 7′			"<space c=""9""/>"	*********														{'lg': 'Hit'}
27	KUB 26.2		231	Vs. 7′	~zi	-z	-z<del_fin/>i	-z]i													DEL	{'lg': 'Hit'}
28	KUB 26.2		231	Vs. 7′	tat	ta-at	ta-at	ta-at													1all 	{'lg': 'Hit', 'mrp1': 'ta=at@@{ a → CONNt=PPRO.3SG.N.NOM} { b → CONNt=PPRO.3SG.N.ACC} { c → CONNt=PPRO.3PL.C.NOM} { d → CONNt=PPRO.3PL.N.NOM} { e → CONNt=PPRO.3PL.N.ACC}@@', 'mrp2': 'tat=a-@Tata@{ a → GN.NOM.SG(UNM)} { b → GN.ACC.SG(UNM)} { c → GN.GEN.SG(UNM)} { d → GN.D/L.SG(UNM)} { e → GN.ALL(UNM)} { f → GN.ABL(UNM)} { g → GN.INS(UNM)} { h → GN.VOC.SG(UNM)} { i → GN.HURR.ABS.SG}@39.2@URU'}
29	KUB 26.2		231	Vs. 7′	PA-NI KÁ.GAL		<aGr>PA-NI</aGr> <sGr>K<del_in/>Á.GAL</sGr>	#PA-NI# K[Á.GAL													1a 1b 	{'lg': 'Hit', 'mrp1': 'KÁ.GAL=@Tor@{ a → …:D/L.SG_vor:POSP} { b → …:D/L.PL_vor:POSP}@28.1.1@(GIŠ)', 'mrp2': 'KÁ.GAL=@Tor@{ a → …:D/L.SG_vor:POSP} { b → …:D/L.PL_vor:POSP}@29.3@(GIŠ)'}
30	KUB 26.2		231	Vs. 8′			<del_in/>	[														{'lg': 'Hit'}
31	KUB 26.2		231	Vs. 8′			"<space c=""13""/>"	*************														{'lg': 'Hit'}
32	KUB 26.2		231	Vs. 8′			<del_fin/>	]														{'lg': 'Hit'}
33	KUB 26.2		231	Vs. 8′	zintuḫieš		"<d>MUNUS.MEŠ</d>zi-in-tu-ḫi-<del_in/>eš<corr c=""?""/>"	~MUNUS.MEŠ~zi-in-tu-ḫi-[eš					"[eš<corr c=""?""/>"								1a 1b 	{'lg': 'Hit', 'mrp1': 'zintuḫ=i-@(Funktionärin)@{ a → NOM.PL.C} { b → ACC.PL.C} { c → NOM.SG.C}@2.1.1@(MUNUS/LÚ)', 'mrp2': 'zintuḫ=iya-@(Funktionärin)@{ a → NOM.PL.C} { b → ACC.PL.C}@1.1.2@(MUNUS/LÚ)'}
34	KUB 26.2		231	Vs. 9′			<del_in/>	[														{'lg': 'Hit'}
35	KUB 26.2		231	Vs. 9′			"<space c=""16""/>"	****************														{'lg': 'Hit'}
36	KUB 26.2		231	Vs. 9′			<del_fin/>	]														{'lg': 'Hit'}
37	KUB 26.2		231	Vs. 9′	aranta	a-ra-an-ta	a-ra-an-ta	a-ra-an-ta													2	{'lg': 'Hit', 'mrp1': 'ar-/er-@ankommen@{ a → PTCP.NOM.PL.N} { b → PTCP.ACC.PL.N} { c → PTCP.STF}@II.1.1@', 'mrp2': 'ar=@stehen@3PL.PRS.MP@III.1@', 'mrp3': 'ar=@stehen@{ a → PTCP.NOM.PL.N} { b → PTCP.ACC.PL.N} { c → PTCP.STF}@III.1@', 'mrp4': 'arand=(i)-@(u.B.)@{ a → LUW.NOM.COLL} { b → LUW.ACC.COLL} { c → HITT.VOC.SG} { d → HITT.ALL} { e → HITT.STF}@30.1.1@', 'mrp5': 'ar=ae-@erheben@{ a → PTCP.NOM.PL.N} { b → PTCP.ACC.PL.N} { c → PTCP.STF}@I.9@', 'mrp6': 'ar=ant-@orakeln@{ a → PTCP.NOM.PL.N} { b → PTCP.ACC.PL.N} { c → PTCP.STF}@13.3@', 'mrp7': 'ar=a-@waschen@{ a → PTCP.NOM.PL.N} { b → PTCP.ACC.PL.N} { c → PTCP.STF}@II.1.3@'}
38	KUB 26.2		231	Vs. 9′			<del_in/>	[														{'lg': 'Hit'}
39	KUB 26.2		231	Rs. 1′	AGRIG		<del_in/><d>LÚ<del_fin/></d><sGr><laes_in/>AGRIG</sGr>	[~LÚ]~⸢AGRIG													1a 	{'lg': 'Hit', 'mrp1': 'AGRIG=a-@Verwalter@{ a → NOM.SG(UNM)} { b → ACC.SG(UNM)} { c → NOM.PL(UNM)} { d → ACC.PL(UNM)} { e → GEN.SG(UNM)} { f → GEN.PL(UNM)} { g → D/L.SG(UNM)} { h → D/L.PL(UNM)} { i → ALL(UNM)} { j → ABL(UNM)} { k → INS(UNM)} { l → VOC.SG(UNM)} { m → VOC.PL(UNM)}@28.1.1@LÚ'}
40	KUB 26.2		231	Rs. 1′	šanaḫḫuitta		"<d>URU</d>ša-na-aḫ<laes_fin/>-ḫ<del_in/>u-it-ta<corr c=""(?)""/>"	~URU~ša-na-aḫ⸣-ḫ[u-it-ta					"ta<corr c=""(?)""/>"								1c 	{'lg': 'Hit', 'mrp1': 'šanaḫḫuitt=a-@Šanaḫ(ḫ)uitta@{ a → GN.NOM.SG(UNM)} { b → GN.ACC.SG(UNM)} { c → GN.GEN.SG(UNM)} { d → GN.D/L.SG(UNM)} { e → GN.ALL(UNM)} { f → GN.ABL(UNM)} { g → GN.INS(UNM)} { h → GN.VOC.SG} { i → GN.STF} { j → GN.HURR.ABS.SG}@39.2@URU'}
41	KUB 26.2		231	Rs. 2′	AGRIG		<del_in/><d>LÚ</d><sGr>AGRI<del_fin/>G</sGr>	[~LÚ~AGRI]G													1a 	{'lg': 'Hit', 'mrp1': 'AGRIG=a-@Verwalter@{ a → NOM.SG(UNM)} { b → ACC.SG(UNM)} { c → NOM.PL(UNM)} { d → ACC.PL(UNM)} { e → GEN.SG(UNM)} { f → GEN.PL(UNM)} { g → D/L.SG(UNM)} { h → D/L.PL(UNM)} { i → ALL(UNM)} { j → ABL(UNM)} { k → INS(UNM)} { l → VOC.SG(UNM)} { m → VOC.PL(UNM)}@28.1.1@LÚ'}
42	KUB 26.2		231	Rs. 2′	nenašša		<d>URU</d>ne-na-aš-ša	~URU~ne-na-aš-ša													1c 	{'lg': 'Hit', 'mrp1': 'nenašš=a-@Nenašša@{ a → GN.NOM.SG(UNM)} { b → GN.ACC.SG(UNM)} { c → GN.GEN.SG(UNM)} { d → GN.D/L.SG(UNM)} { e → GN.ALL(UNM)} { f → GN.ABL(UNM)} { g → GN.INS(UNM)} { h → GN.VOC.SG} { i → GN.STF} { j → GN.HURR.ABS.SG}@39.2@URU'}
43	KUB 26.2		231	Rs. 2′			<del_in/>	[														{'lg': 'Hit'}
44	KUB 26.2		231	Rs. 3′	AGRIG		<del_in/><d>LÚ</d><sGr>AG<del_fin/>RIG</sGr>	[~LÚ~AG]RIG													1a 	{'lg': 'Hit', 'mrp1': 'AGRIG=a-@Verwalter@{ a → NOM.SG(UNM)} { b → ACC.SG(UNM)} { c → NOM.PL(UNM)} { d → ACC.PL(UNM)} { e → GEN.SG(UNM)} { f → GEN.PL(UNM)} { g → D/L.SG(UNM)} { h → D/L.PL(UNM)} { i → ALL(UNM)} { j → ABL(UNM)} { k → INS(UNM)} { l → VOC.SG(UNM)} { m → VOC.PL(UNM)}@28.1.1@LÚ'}
45	KUB 26.2		231	Rs. 3′	ḫupišna		<d>URU</d>ḫu-u-piš-na	~URU~ḫu-u-piš-na													1c 	{'lg': 'Hit', 'mrp1': 'ḫupišn=a-@Ḫupi(š)na@{ a → GN.NOM.SG(UNM)} { b → GN.ACC.SG(UNM)} { c → GN.GEN.SG(UNM)} { d → GN.D/L.SG(UNM)} { e → GN.ALL(UNM)} { f → GN.ABL(UNM)} { g → GN.INS(UNM)} { h → GN.VOC.SG} { i → GN.STF} { j → GN.HURR.ABS.SG}@39.2@URU'}
46	KUB 26.2		231	Rs. 3′			<del_in/>	[														{'lg': 'Hit'}
47	KUB 26.2		231	Rs. 4′	AGRIG		<d>LÚ</d><sGr>AGRIG</sGr>	~LÚ~AGRIG													1a 	{'lg': 'Hit', 'mrp1': 'AGRIG=a-@Verwalter@{ a → NOM.SG(UNM)} { b → ACC.SG(UNM)} { c → NOM.PL(UNM)} { d → ACC.PL(UNM)} { e → GEN.SG(UNM)} { f → GEN.PL(UNM)} { g → D/L.SG(UNM)} { h → D/L.PL(UNM)} { i → ALL(UNM)} { j → ABL(UNM)} { k → INS(UNM)} { l → VOC.SG(UNM)} { m → VOC.PL(UNM)}@28.1.1@LÚ'}
48	KUB 26.2		231	Rs. 4′	tuanua		<d>URU</d>tu-u-wa-nu-w<del_in/>a	~URU~tu-u-wa-nu-w[a													1c 	{'lg': 'Hit', 'mrp1': 'tuanu=a-@Tuwanuwa@{ a → GN.NOM.SG(UNM)} { b → GN.ACC.SG(UNM)} { c → GN.GEN.SG(UNM)} { d → GN.D/L.SG(UNM)} { e → GN.ALL(UNM)} { f → GN.ABL(UNM)} { g → GN.INS(UNM)} { h → GN.VOC.SG} { i → GN.STF} { j → GN.HURR.ABS.SG}@39.2@URU'}
49	KUB 26.2		231	Rs. 5′	AGRIG		<d>LÚ</d><sGr>AGRIG</sGr>	~LÚ~AGRIG													1a 	{'lg': 'Hit', 'mrp1': 'AGRIG=a-@Verwalter@{ a → NOM.SG(UNM)} { b → ACC.SG(UNM)} { c → NOM.PL(UNM)} { d → ACC.PL(UNM)} { e → GEN.SG(UNM)} { f → GEN.PL(UNM)} { g → D/L.SG(UNM)} { h → D/L.PL(UNM)} { i → ALL(UNM)} { j → ABL(UNM)} { k → INS(UNM)} { l → VOC.SG(UNM)} { m → VOC.PL(UNM)}@28.1.1@LÚ'}
50	KUB 26.2		231	Rs. 5′	NA.GAD		<d>LÚ</d><sGr>NA.GAD</sGr>	~LÚ~NA.GAD													1a 	{'lg': 'Hit', 'mrp1': 'NA.GAD=@Hirte@{ a → NOM.SG(UNM)} { b → ACC.SG(UNM)} { c → NOM.PL(UNM)} { d → ACC.PL(UNM)} { e → GEN.SG(UNM)} { f → GEN.PL(UNM)} { g → D/L.SG(UNM)} { h → D/L.PL(UNM)} { i → ALL(UNM)} { j → ABL(UNM)} { k → INS(UNM)} { l → VOC.SG(UNM)} { m → VOC.PL(UNM)}@29.1.1@(LÚ)'}
51	KUB 26.2		231	Rs. 5′			<del_in/>	[														{'lg': 'Hit'}
52	KUB 26.2		231	Rs. 6′	AGRIG		<del_in/><d>LÚ</d><sGr>A<del_fin/>GRIG</sGr>	[~LÚ~A]GRIG													1a 	{'lg': 'Hit', 'mrp1': 'AGRIG=a-@Verwalter@{ a → NOM.SG(UNM)} { b → ACC.SG(UNM)} { c → NOM.PL(UNM)} { d → ACC.PL(UNM)} { e → GEN.SG(UNM)} { f → GEN.PL(UNM)} { g → D/L.SG(UNM)} { h → D/L.PL(UNM)} { i → ALL(UNM)} { j → ABL(UNM)} { k → INS(UNM)} { l → VOC.SG(UNM)} { m → VOC.PL(UNM)}@28.1.1@LÚ'}
53	KUB 26.2		231	Rs. 6′	ḫanḫana		<d>URU</d>ḫa-an-ḫa-na	~URU~ḫa-an-ḫa-na													1c 	{'lg': 'Hit', 'mrp1': 'ḫanḫan=a-@Ḫanḫana@{ a → GN.NOM.SG(UNM)} { b → GN.ACC.SG(UNM)} { c → GN.GEN.SG(UNM)} { d → GN.D/L.SG(UNM)} { e → GN.ALL(UNM)} { f → GN.ABL(UNM)} { g → GN.INS(UNM)} { h → GN.VOC.SG} { i → GN.STF} { j → GN.HURR.ABS.SG}@39.2@URU', 'mrp2': 'ḫanḫan=a-@Ḫanḫana@{ a → GN.NOM.SG(UNM)} { b → GN.ACC.SG(UNM)} { c → GN.GEN.SG(UNM)} { d → GN.D/L.SG(UNM)} { e → GN.ALL(UNM)} { f → GN.ABL(UNM)} { g → GN.INS(UNM)} { h → GN.VOC.SG(UNM)} { i → GN.HURR.ABS.SG}@39.2 += ma@CNJctr@@URU'}
54	KUB 26.2		231	Rs. 6′			<del_in/>	[														{'lg': 'Hit'}
55	KUB 26.2		231	Rs. 7′	AGRIG		<del_in/><d>LÚ</d><sGr>A<del_fin/>GRIG</sGr>	[~LÚ~A]GRIG													1a 	{'lg': 'Hit', 'mrp1': 'AGRIG=a-@Verwalter@{ a → NOM.SG(UNM)} { b → ACC.SG(UNM)} { c → NOM.PL(UNM)} { d → ACC.PL(UNM)} { e → GEN.SG(UNM)} { f → GEN.PL(UNM)} { g → D/L.SG(UNM)} { h → D/L.PL(UNM)} { i → ALL(UNM)} { j → ABL(UNM)} { k → INS(UNM)} { l → VOC.SG(UNM)} { m → VOC.PL(UNM)}@28.1.1@LÚ'}
56	KUB 26.2		231	Rs. 7′	tauinia		<d>URU</d>ta-ú-i-<del_in/>ni-ia	~URU~ta-ú-i-[ni-ia													1c 	{'lg': 'Hit', 'mrp1': 'tauini=a-@Tau(i)niya@{ a → GN.NOM.SG(UNM)} { b → GN.ACC.SG(UNM)} { c → GN.GEN.SG(UNM)} { d → GN.D/L.SG(UNM)} { e → GN.ALL(UNM)} { f → GN.ABL(UNM)} { g → GN.INS(UNM)} { h → GN.VOC.SG} { i → GN.STF} { j → GN.HURR.ABS.SG}@39.2@URU'}
57	KUB 26.2		231	Rs. 8′	AGRIG		<del_in/><d>LÚ</d><sGr>AGR<del_fin/>IG</sGr>	[~LÚ~AGR]IG													1a 	{'lg': 'Hit', 'mrp1': 'AGRIG=a-@Verwalter@{ a → NOM.SG(UNM)} { b → ACC.SG(UNM)} { c → NOM.PL(UNM)} { d → ACC.PL(UNM)} { e → GEN.SG(UNM)} { f → GEN.PL(UNM)} { g → D/L.SG(UNM)} { h → D/L.PL(UNM)} { i → ALL(UNM)} { j → ABL(UNM)} { k → INS(UNM)} { l → VOC.SG(UNM)} { m → VOC.PL(UNM)}@28.1.1@LÚ'}
58	KUB 26.2		231	Rs. 8′	takkupta		<d>URU</d>ták-ku-up-t<del_in/>a	~URU~ták-ku-up-t[a													1c 	{'lg': 'Hit', 'mrp1': 'takkupt=a-@Takkupš/ta@{ a → GN.NOM.SG(UNM)} { b → GN.ACC.SG(UNM)} { c → GN.GEN.SG(UNM)} { d → GN.D/L.SG(UNM)} { e → GN.ALL(UNM)} { f → GN.ABL(UNM)} { g → GN.INS(UNM)} { h → GN.VOC.SG} { i → GN.STF} { j → GN.HURR.ABS.SG}@39.2@URU'}
59	KUB 26.2		231	Rs. 9′	AGRIG		<del_in/><d>LÚ</d><sGr>AGR<del_fin/>IG</sGr>	[~LÚ~AGR]IG													1a 	{'lg': 'Hit', 'mrp1': 'AGRIG=a-@Verwalter@{ a → NOM.SG(UNM)} { b → ACC.SG(UNM)} { c → NOM.PL(UNM)} { d → ACC.PL(UNM)} { e → GEN.SG(UNM)} { f → GEN.PL(UNM)} { g → D/L.SG(UNM)} { h → D/L.PL(UNM)} { i → ALL(UNM)} { j → ABL(UNM)} { k → INS(UNM)} { l → VOC.SG(UNM)} { m → VOC.PL(UNM)}@28.1.1@LÚ'}
60	KUB 26.2		231	Rs. 9′	turmitta		<d>URU</d>dur-m<del_in/>i-it-ta	~URU~dur-m[i-it-ta													1g 	{'lg': 'Hit', 'mrp1': '\xad\xad\u200c\xadturmitt=a-@Turmit(t)a@{ a → GN.NOM.SG(UNM)} { b → GN.ACC.SG(UNM)} { c → GN.GEN.SG(UNM)} { d → GN.D/L.SG(UNM)} { e → GN.ALL(UNM)} { f → GN.ABL(UNM)} { g → GN.INS(UNM)} { h → GN.VOC.SG} { i → GN.STF} { j → GN.HURR.ABS.SG}@39.2@URU'}
61	KUB 26.2		231	Rs. 10′	AGRIG		<del_in/><d>LÚ</d><sGr>AGRIG<del_fin/></sGr>	[~LÚ~AGRIG]													1a 	{'lg': 'Hit', 'mrp1': 'AGRIG=a-@Verwalter@{ a → NOM.SG(UNM)} { b → ACC.SG(UNM)} { c → NOM.PL(UNM)} { d → ACC.PL(UNM)} { e → GEN.SG(UNM)} { f → GEN.PL(UNM)} { g → D/L.SG(UNM)} { h → D/L.PL(UNM)} { i → ALL(UNM)} { j → ABL(UNM)} { k → INS(UNM)} { l → VOC.SG(UNM)} { m → VOC.PL(UNM)}@28.1.1@LÚ'}
62	KUB 26.2		231	Rs. 10′	uḫḫiua		<d>URU</d>uḫ-ḫi-u-w<del_in/>a	~URU~uḫ-ḫi-u-w[a													1g 	{'lg': 'Hit', 'mrp1': 'uḫḫiu=a-@Uḫḫiuwa@{ a → GN.NOM.SG(UNM)} { b → GN.ACC.SG(UNM)} { c → GN.GEN.SG(UNM)} { d → GN.D/L.SG(UNM)} { e → GN.ALL(UNM)} { f → GN.ABL(UNM)} { g → GN.INS(UNM)} { h → GN.VOC.SG} { i → GN.STF} { j → GN.HURR.ABS.SG}@39.2@URU'}
63	KUB 26.2		231	Rs. 11′			<del_in/>	[														{'lg': 'Hit'}
64	KUB 26.2		231	Rs. 11′			"<space c=""9""/>"	*********														{'lg': 'Hit'}
65	KUB 26.2		231	Rs. 11′			<del_fin/>x	]x													DEL	{'lg': 'Hit'}
66	KUB 26.2		231	Rs. 11′			"<c type=""sign""/>EN<corr c=""?""/>"	EN				"<c type=""sign""/>EN"	"EN<corr c=""?""/>"									{'lg': 'Hit'}
67	KUB 26.2		231	Rs. 11′		x	x<del_in/>	x[													DEL	{'lg': 'Hit'}
68	KUB 26.2		231	Rs. 12′			<del_in/>	[														{'lg': 'Hit'}
69	KUB 26.2		231	Rs. 12′			"<space c=""13""/>"	*************														{'lg': 'Hit'}
70	KUB 26.2		231	Rs. 12′			<del_fin/>x<del_in/>	]x[													DEL	{'lg': 'Hit'}
0	VBoT 68		231	Vs. II 1′			<del_in/>	[														{}
1	VBoT 68		231	Vs. II 1′			"<space c=""30""/>"	******************************														{}
2	VBoT 68		231	Vs. II 1′			<del_fin/>x	]x													DEL	{}
3	VBoT 68		231	Vs. II 1′		x	x	x													DEL	{}
4	VBoT 68		231	Vs. II 1′		x	x<del_in/>	x[													DEL	{}
5	VBoT 68		231	Vs. II 1′			"<space c=""6""/>"	******														{}
6	VBoT 68		231	Vs. II 1′			"<del_fin/><note n=""1"" c=""Der doppelte Paragraphenstrich ist in regelmäßigen Abständen mit Gruppen von vier Winkelhaken verziert.""/>"	]											"<note n=""1"" c=""Der doppelte Paragraphenstrich ist in regelmäßigen Abständen mit Gruppen von vier Winkelhaken verziert.""/>"			{}
7	VBoT 68		231	Vs. II 2′			<del_in/>	[														{}
8	VBoT 68		231	Vs. II 2′			"<space c=""25""/>"	*************************														{}
9	VBoT 68		231	Vs. II 2′			<del_fin/>x-ki-ia-il	]x-ki-ia-il													DEL	{}
10	VBoT 68		231	Vs. II 2′			<del_in/>	[														{}
11	VBoT 68		231	Vs. II 2′			"<space c=""6""/>"	******														{}
12	VBoT 68		231	Vs. II 2′			<del_fin/>	]														{}
13	VBoT 68		231	Vs. II 3′			<del_in/>	[														{}
14	VBoT 68		231	Vs. II 3′			"<space c=""21""/>"	*********************														{}
15	VBoT 68		231	Vs. II 3′	~kuliail	-k	"-k<del_fin/>u<corr c=""?""/>-li-ia-il"	-k]u-li-ia-il					"k]u<corr c=""?""/>"								DEL	{}
16	VBoT 68		231	Vs. II 3′			<d>URU</d><del_in/>	~URU~[														{}
17	VBoT 68		231	Vs. II 3′			"<space c=""4""/>"	****														{}
18	VBoT 68		231	Vs. II 3′			<del_fin/>	]														{}
19	VBoT 68		231	Vs. II 4′			<del_in/>	[														{}
20	VBoT 68		231	Vs. II 4′			"<space c=""13""/>"	*************														{}
21	VBoT 68		231	Vs. II 4′			"<space c=""3""/>"	***														{}
22	VBoT 68		231	Vs. II 4′	~ḫašpunail		<del_fin/>(-)ḫa-aš-pu-na-il	](-)ḫa-aš-pu-na-il													DEL	{}
23	VBoT 68		231	Vs. II 4′			<d>URU</d>x<del_in/>	~URU~x[													DEL	{}
24	VBoT 68		231	Vs. II 4′			<del_fin/>	]														{}
25	VBoT 68		231	Vs. II 5′	taškuriail		<del_in/><d>UR<del_fin/>U</d><laes_in/>ta<laes_fin/>-aš-ku-ri-ia-il	[~UR]U~⸢ta⸣-aš-ku-ri-ia-il													HAT	{'lg': 'Hat'}
26	VBoT 68		231	Vs. II 5′			<d>URU</d>	~URU~														{'lg': 'Hat'}
27	VBoT 68		231	Vs. II 5′	ki-%~	gi	"gi<corr c=""?""/>-x-<del_in/>"	gi-x-[					"gi<corr c=""?""/>"								DEL	{'lg': 'Hat'}
28	VBoT 68		231	Vs. II 5′			"<space c=""9""/>"	*********														{'lg': 'Hat'}
29	VBoT 68		231	Vs. II 5′			<del_fin/>	]														{'lg': 'Hat'}
30	VBoT 68		231	Vs. II 6′	ḫippuriail		<del_in/><d>UR<del_fin/>U</d><laes_in/>ḫi-ip<laes_fin/>-pu-ri-ia-il	[~UR]U~⸢ḫi-ip⸣-pu-ri-ia-il													HAT	{}
31	VBoT 68		231	Vs. II 6′	takkapu~		<d>URU</d>tág-ga-pu-<del_in/>	~URU~tág-ga-pu-[													DEL	{}
32	VBoT 68		231	Vs. II 6′			"<space c=""4""/>"	****														{}
33	VBoT 68		231	Vs. II 6′			<del_fin/>	]														{}
34	VBoT 68		231	Vs. II 7′	kišmittail		<d>URU</d>ki-iš-mi-it-ta-il	~URU~ki-iš-mi-it-ta-il													HAT	{}
35	VBoT 68		231	Vs. II 7′	ḫazumi~		<d>URU</d>ḫa-az-zu-mi-<del_in/>	~URU~ḫa-az-zu-mi-[													DEL	{}
36	VBoT 68		231	Vs. II 7′			"<space c=""6""/>"	******														{}
37	VBoT 68		231	Vs. II 7′			<del_fin/>	]														{}
38	VBoT 68		231	Vs. II 8′	kuruštamail		<d>URU</d>ku-ru-uš-ta-ma-a-il	~URU~ku-ru-uš-ta-ma-a-il													HAT	{}
39	VBoT 68		231	Vs. II 8′	ḫaraštail		<d>URU</d>ḫar-aš-ta-a-il	~URU~ḫar-aš-ta-a-il													HAT	{}
40	VBoT 68		231	Vs. II 8′			<del_in/>	[														{}
41	VBoT 68		231	Vs. II 8′			<del_fin/>	]														{}
42	VBoT 68		231	Vs. II 9′	ḫullarail		"<d>URU</d>ḫu-<del_in/>ul<corr c=""?""/><del_fin/>-la-ra-il"	~URU~ḫu-[ul]-la-ra-il					"[ul<corr c=""?""/>"								HAT	{}
43	VBoT 68		231	Vs. II 9′	matillail		<d>URU</d>ma-ti-il-la-i<del_in/>l<del_fin/>	~URU~ma-ti-il-la-i[l]													HAT	{}
44	VBoT 68		231	Vs. II 10′	matikšail		<d>URU</d><laes_in/>ma-ti<laes_fin/>-ik-ša-il	~URU~⸢ma-ti⸣-ik-ša-il													HAT	{}
45	VBoT 68		231	Vs. II 10′	ḫallapiail		<d>URU</d>ḫal-la-pí-ia-il	~URU~ḫal-la-pí-ia-il													HAT	{}
46	VBoT 68		231	Vs. II 10′			<del_in/>	[														{}
47	VBoT 68		231	Vs. II 10′			<del_fin/>	]														{}
48	VBoT 68		231	Vs. II 11′	tintuniail		<d>URU</d><laes_in/>ti<laes_fin/>-in-tu-u-ni-ia-il	~URU~⸢ti⸣-in-tu-u-ni-ia-il													HAT	{}
49	VBoT 68		231	Vs. II 11′	zaraššaniail		<d>URU</d>za-ra-aš-ša-ni-ia-<del_in/>il<del_fin/>	~URU~za-ra-aš-ša-ni-ia-[il]													HAT	{}
50	VBoT 68		231	Vs. II 12′	zarkaptunail		<d>URU</d>za-ar-kap-du-na-il	~URU~za-ar-kap-du-na-il													HAT	{}
51	VBoT 68		231	Vs. II 12′	ḫammuḫiail		<d>URU</d>ḫa-am-mu-ḫi-ia-il	~URU~ḫa-am-mu-ḫi-ia-il													HAT	{}
52	VBoT 68		231	Vs. II 12′			<del_in/>	[														{}
53	VBoT 68		231	Vs. II 12′			<del_fin/>	]														{}
54	VBoT 68		231	Vs. II 13′	zitakpiššiail		<d>URU</d>zi-ta-ak-pí-iš-ši-ia-il	~URU~zi-ta-ak-pí-iš-ši-ia-il													HAT	{}
55	VBoT 68		231	Vs. II 13′	talkamuššiail		<d>URU</d>ta-al-ga-mu-uš-š<del_in/>i-ia-il<del_fin/>	~URU~ta-al-ga-mu-uš-š[i-ia-il]													HAT	{}
56	VBoT 68		231	Vs. II 14′	kaitḫarzail		<d>URU</d>ga-it-ḫar-za-i-il	~URU~ga-it-ḫar-za-i-il													HAT	{}
57	VBoT 68		231	Vs. II 14′	QA-TI		"<aGr>QA-TI</aGr><note n=""2"" c=""Der doppelte Paragraphenstrich ist in regelmäßigen Abständen mit Gruppen von vier Winkelhaken verziert.""/>"	#QA-TI#											"<note n=""2"" c=""Der doppelte Paragraphenstrich ist in regelmäßigen Abständen mit Gruppen von vier Winkelhaken verziert.""/>"		1a 	{'mrp1': 'QATÛ @ vollendet @    { a → NOM.SG(UNM)}    { b → ACC.SG(UNM)}    { c → NOM.PL(UNM)}    { d → ACC.PL(UNM)}    { e → GEN.SG(UNM)}    { f → GEN.PL(UNM)}    { g → D/L.SG(UNM)}    { h → D/L.PL(UNM)}    { i → ALL(UNM)}    { j → ABL(UNM)}    { k → INS(UNM)}    { l → VOC.SG(UNM)}    { m → VOC.PL(UNM)} @  @ ', 'mrp2': 'QATÛ @ zu Ende gehen @ 3SG.PRS @  @ ', 'mrp3': 'QĀTU @ Hand @    { a → NOM.SG(UNM)}    { b → ACC.SG(UNM)}    { c → NOM.PL(UNM)}    { d → ACC.PL(UNM)}    { e → GEN.SG(UNM)}    { f → GEN.PL(UNM)}    { g → D/L.SG(UNM)}    { h → D/L.PL(UNM)}    { i → ALL(UNM)}    { j → ABL(UNM)}    { k → INS(UNM)}    { l → VOC.SG(UNM)}    { m → VOC.PL(UNM)} @  @ '}
58	VBoT 68		231	Vs. II 15′	mân	ma-a-an	ma-a-an	ma-a-an													2	{'mrp1': 'mân @ wie @  @ POSP @ ', 'mrp2': 'mân @ wenn @  @ CNJ @ ', 'mrp3': 'mân @ wie @  @ CNJ @ '}
59	VBoT 68		231	Vs. II 15′	LUGALuš		<sGr>LUGAL</sGr>-uš	LUGAL-uš													1a 	{'mrp1': 'LUGAL=u- @ König @    { a → FNL(u).NOM.SG.C}    { b → ACC.PL.C} @ 28.3.1.1 @ ', 'mrp2': 'LUGAL=ma- @ Šarrumma @    { a → DN.STF}    { b → DN.HURR.ABS} @ 36.1.1       +=  uš @ PPRO.3PL.C.ACC @  @ D', 'mrp3': 'LUGAL=ma- @ Šarrumma @    { a → DN.STF}    { b → DN.HURR.ABS} @ 36.1.1       +=  uš @ PPRO.3PL.C.ACC @  @ D', 'mrp4': 'LUGAL=u- @ König @    { a → NOM.SG(UNM)}    { b → ACC.SG(UNM)}    { c → NOM.PL(UNM)}    { d → ACC.PL(UNM)}    { e → GEN.SG(UNM)}    { f → GEN.PL(UNM)}    { g → D/L.SG(UNM)}    { h → D/L.PL(UNM)}    { i → ALL(UNM)}    { j → ABL(UNM)}    { k → INS(UNM)}    { l → VOC.SG(UNM)}    { m → VOC.PL(UNM)} @ 28.3.1.1       +=  uš @ PPRO.3PL.C.ACC @  @ '}
60	VBoT 68		231	Vs. II 15′	arinnaz		<d>URU</d>a-ri-in-na-az	~URU~a-ri-in-na-az													1	{'mrp1': 'arinn=a- @ Arinna @ GN.ABL @ 39.2 @ URU', 'mrp2': 'arinn=a- @ Arinna @    { a → GN.NOM.SG(UNM)}    { b → GN.ACC.SG(UNM)}    { c → GN.GEN.SG(UNM)}    { d → GN.D/L.SG(UNM)}    { e → GN.ALL(UNM)}    { f → GN.ABL(UNM)}    { g → GN.INS(UNM)}    { h → GN.VOC.SG(UNM)}    { i → GN.HURR.ABS.SG} @ 39.2       +=  za @ REFL @  @ URU', 'mrp3': 'arin= @ Arin @    { a → GN.NOM.SG(UNM)}    { b → GN.ACC.SG(UNM)}    { c → GN.GEN.SG(UNM)}    { d → GN.D/L.SG(UNM)}    { e → GN.ALL(UNM)}    { f → GN.ABL(UNM)}    { g → GN.INS(UNM)}    { h → GN.VOC.SG(UNM)}    { i → GN.HURR.ABS.SG} @ 39.1 @ URU       +=  ya=za @ CNJadd=REFL @ ', 'mrp4': 'arin=a- @ Arinna @    { a → GN.NOM.SG(UNM)}    { b → GN.ACC.SG(UNM)}    { c → GN.GEN.SG(UNM)}    { d → GN.D/L.SG(UNM)}    { e → GN.ALL(UNM)}    { f → GN.ABL(UNM)}    { g → GN.INS(UNM)}    { h → GN.VOC.SG(UNM)}    { i → GN.HURR.ABS.SG} @ 39.2 @ URU       +=  ya=za @ CNJadd=REFL @ ', 'mrp5': 'arinn=a- @ Arinna @    { a → GN.NOM.SG(UNM)}    { b → GN.ACC.SG(UNM)}    { c → GN.GEN.SG(UNM)}    { d → GN.D/L.SG(UNM)}    { e → GN.ALL(UNM)}    { f → GN.ABL(UNM)}    { g → GN.INS(UNM)}    { h → GN.VOC.SG}    { i → GN.STF}    { j → GN.HURR.ABS.SG} @ 39.2       +=  za @ REFL @  @ URU'}
61	VBoT 68		231	Vs. II 15′	ḫattuši		<d>URU</d>ḫa-at-tu-ši	~URU~ḫa-at-tu-ši													1	{'mrp1': 'ḫattuš=a- @ Ḫattuša @ GN.D/L.SG @ 39.2 @ URU'}
62	VBoT 68		231	Vs. II 15′	paizi	pa-iz-zi	pa-iz-zi	pa-iz-zi													1	{'mrp1': 'pai-/pā- @ gehen @ 3SG.PRS @ I.11 @ '}
63	VBoT 68		231	Vs. II 16′	nu	nu	nu	nu													1	{'mrp1': 'nu @  @ CONNn @  @ '}
64	VBoT 68		231	Vs. II 16′	LÚ˽GIDRU		<sGr>LÚ</sGr>˽<d>GIŠ</d><sGr>GIDRU</sGr>	LÚ˽~GIŠ~GIDRU													1a 	{'mrp1': 'LÚ˽°GIŠ°GIDRU= @ Stabträger @    { a → NOM.SG(UNM)}    { b → ACC.SG(UNM)}    { c → NOM.PL(UNM)}    { d → ACC.PL(UNM)}    { e → GEN.SG(UNM)}    { f → GEN.PL(UNM)}    { g → D/L.SG(UNM)}    { h → D/L.PL(UNM)}    { i → ALL(UNM)}    { j → ABL(UNM)}    { k → INS(UNM)}    { l → VOC.SG(UNM)}    { m → VOC.PL(UNM)} @ 29.1.1 @ '}
65	VBoT 68		231	Vs. II 16′	telipuri	te-li-pu-u-ri	te-li-pu-u-ri	te-li-pu-u-ri													1a 	{'mrp1': 'telipur=i- @ Bezirk @    { a → D/L.SG}    { b → STF} @ 2.1.1 @ '}
66	VBoT 68		231	Vs. II 16′	kiššan	ki-iš-ša-an	ki-iš-ša-an	ki-iš-ša-an													1	{'mrp1': 'kiššan @ in dieser Weise @  @ DEMadv @ ', 'mrp2': 'kišš= @ kämmen @    { a → PTCP.NOM.SG.N}    { b → PTCP.ACC.SG.N}    { c → PTCP.INDCL} @ I.1.1 @ ', 'mrp3': 'kišš= @ kämmen @ 2SG.IMP @ I.1.1       +=  an @ PPRO.3SG.C.ACC @  @ ', 'mrp4': 'ka- @ dieser @    { a → DEM1.NOM.SG.N}    { b → DEM1.ACC.SG.N} @ 19       +=  ššan @ OBPs @  @ ', 'mrp5': 'gi= @ Elle @    { a → NOM.SG(ABBR)}    { b → ACC.SG(ABBR)}    { c → NOM.PL(ABBR)}    { d → ACC.PL(ABBR)}    { e → GEN.SG(ABBR)}    { f → GEN.PL(ABBR)}    { g → D/L.SG(ABBR)}    { h → D/L.PL(ABBR)}    { i → ALL(ABBR)}    { j → ABL(ABBR)}    { k → INS(ABBR)}    { l → VOC.SG(ABBR)}    { m → VOC.PL(ABBR)} @ 14.2.3       +=  ššan @ OBPs @  @ '}
67	VBoT 68		231	Vs. II 16′	ḫalzai	ḫal-za-a-i	ḫal-za-a-i	ḫal-za-a-i													1a 	{'mrp1': 'ḫalz=ai- @ rufen @    { a → 3SG.PRS}    { b → 2SG.IMP} @ II.6 @ '}
68	VBoT 68		231	Vs. II 17′	tauniail		<d>URU</d>ta-ú-ni-ia-il	~URU~ta-ú-ni-ia-il													HAT	{}
69	VBoT 68		231	Vs. II 17′	tuḫuppiail		<d>URU</d>tu-u-ḫu-up-pí-ia-il	~URU~tu-u-ḫu-up-pí-ia-il													HAT	{}
70	VBoT 68		231	Vs. II 18′	ališail		<d>URU</d>a-li-ša-il	~URU~a-li-ša-il													HAT	{}
71	VBoT 68		231	Vs. II 18′	zipišḫunail		<d>URU</d>zi-pí-iš-ḫu-na-il	~URU~zi-pí-iš-ḫu-na-il													HAT	{}
72	VBoT 68		231	Vs. II 19′	ammunail		<d>URU</d>am-mu-na-a-il	~URU~am-mu-na-a-il													HAT	{}
73	VBoT 68		231	Vs. II 19′	ḫattenail		<d>URU</d>ḫa-at-te-na-a-il	~URU~ḫa-at-te-na-a-il													HAT	{}
74	VBoT 68		231	Rs. III 1	mân	ma-a-an	ma-a-an	ma-a-an													2	{'mrp1': 'mân @ wie @  @ POSP @ ', 'mrp2': 'mân @ wenn @  @ CNJ @ ', 'mrp3': 'mân @ wie @  @ CNJ @ '}
75	VBoT 68		231	Rs. III 1	LUGALuš		<sGr>LUGAL</sGr>-uš	LUGAL-uš													1a 	{'mrp1': 'LUGAL=u- @ König @    { a → FNL(u).NOM.SG.C}    { b → ACC.PL.C} @ 28.3.1.1 @ ', 'mrp2': 'LUGAL=ma- @ Šarrumma @    { a → DN.STF}    { b → DN.HURR.ABS} @ 36.1.1       +=  uš @ PPRO.3PL.C.ACC @  @ D', 'mrp3': 'LUGAL=ma- @ Šarrumma @    { a → DN.STF}    { b → DN.HURR.ABS} @ 36.1.1       +=  uš @ PPRO.3PL.C.ACC @  @ D', 'mrp4': 'LUGAL=u- @ König @    { a → NOM.SG(UNM)}    { b → ACC.SG(UNM)}    { c → NOM.PL(UNM)}    { d → ACC.PL(UNM)}    { e → GEN.SG(UNM)}    { f → GEN.PL(UNM)}    { g → D/L.SG(UNM)}    { h → D/L.PL(UNM)}    { i → ALL(UNM)}    { j → ABL(UNM)}    { k → INS(UNM)}    { l → VOC.SG(UNM)}    { m → VOC.PL(UNM)} @ 28.3.1.1       +=  uš @ PPRO.3PL.C.ACC @  @ '}
76	VBoT 68		231	Rs. III 1	ḫattušaz		<d>URU</d>ḫa-at-tu-ša-az	~URU~ḫa-at-tu-ša-az													1	{'mrp1': 'ḫattuš= @ Ḫattuša @ GN.ABL @ 39.1 @ URU', 'mrp2': 'ḫattuš=a- @ Ḫattuša @ GN.ABL @ 39.2 @ URU', 'mrp3': 'ḫattuš= @ Ḫattuša @    { a → GN.NOM.SG(UNM)}    { b → GN.ACC.SG(UNM)}    { c → GN.GEN.SG(UNM)}    { d → GN.D/L.SG(UNM)}    { e → GN.ALL(UNM)}    { f → GN.ABL(UNM)}    { g → GN.INS(UNM)}    { h → GN.VOC.SG(UNM)}    { i → GN.HURR.ABS.SG} @ 39.1       +=  za @ REFL @  @ URU', 'mrp4': 'ḫattuš=a- @ Ḫattuša @    { a → GN.NOM.SG(UNM)}    { b → GN.ACC.SG(UNM)}    { c → GN.GEN.SG(UNM)}    { d → GN.D/L.SG(UNM)}    { e → GN.ALL(UNM)}    { f → GN.ABL(UNM)}    { g → GN.INS(UNM)}    { h → GN.VOC.SG(UNM)}    { i → GN.HURR.ABS.SG} @ 39.2       +=  za @ REFL @  @ URU', 'mrp5': 'ḫattuš=a- @ Ḫattuša @    { a → GN.NOM.SG(UNM)}    { b → GN.ACC.SG(UNM)}    { c → GN.GEN.SG(UNM)}    { d → GN.D/L.SG(UNM)}    { e → GN.ALL(UNM)}    { f → GN.ABL(UNM)}    { g → GN.INS(UNM)}    { h → GN.VOC.SG}    { i → GN.STF}    { j → GN.HURR.ABS.SG} @ 39.2       +=  za @ REFL @  @ URU'}
77	VBoT 68		231	Rs. III 2	matilla		<d>URU</d>ma-ti-il-la	~URU~ma-ti-il-la													1d 	{'mrp1': 'matill=a- @ Mati(e)l(l)a @    { a → GN.NOM.SG(UNM)}    { b → GN.ACC.SG(UNM)}    { c → GN.GEN.SG(UNM)}    { d → GN.D/L.SG(UNM)}    { e → GN.ALL(UNM)}    { f → GN.ABL(UNM)}    { g → GN.INS(UNM)}    { h → GN.VOC.SG}    { i → GN.STF}    { j → GN.HURR.ABS.SG} @ 39.2 @ URU', 'mrp2': 'matil= @ Mati(e)l(l)a @    { a → GN.NOM.SG(UNM)}    { b → GN.ACC.SG(UNM)}    { c → GN.GEN.SG(UNM)}    { d → GN.D/L.SG(UNM)}    { e → GN.ALL(UNM)}    { f → GN.ABL(UNM)}    { g → GN.INS(UNM)}    { h → GN.VOC.SG(UNM)}    { i → GN.HURR.ABS.SG} @ 39.1 @ URU       +=  ya @ CNJadd @ ', 'mrp3': 'matil=a- @ Mati(e)l(l)a @    { a → GN.NOM.SG(UNM)}    { b → GN.ACC.SG(UNM)}    { c → GN.GEN.SG(UNM)}    { d → GN.D/L.SG(UNM)}    { e → GN.ALL(UNM)}    { f → GN.ABL(UNM)}    { g → GN.INS(UNM)}    { h → GN.VOC.SG(UNM)}    { i → GN.HURR.ABS.SG} @ 39.2 @ URU       +=  ya @ CNJadd @ '}
78	VBoT 68		231	Rs. III 2	paizi	pa-iz-zi	pa-iz-zi	pa-iz-zi													1	{'mrp1': 'pai-/pā- @ gehen @ 3SG.PRS @ I.11 @ '}
79	VBoT 68		231	Rs. III 2	nu	nu	nu	nu													1	{'mrp1': 'nu @  @ CONNn @  @ '}
80	VBoT 68		231	Rs. III 2	LÚ˽GIDRU		<sGr>LÚ</sGr>˽<d>GIŠ</d><sGr>GIDRU</sGr>	LÚ˽~GIŠ~GIDRU													1a 	{'mrp1': 'LÚ˽°GIŠ°GIDRU= @ Stabträger @    { a → NOM.SG(UNM)}    { b → ACC.SG(UNM)}    { c → NOM.PL(UNM)}    { d → ACC.PL(UNM)}    { e → GEN.SG(UNM)}    { f → GEN.PL(UNM)}    { g → D/L.SG(UNM)}    { h → D/L.PL(UNM)}    { i → ALL(UNM)}    { j → ABL(UNM)}    { k → INS(UNM)}    { l → VOC.SG(UNM)}    { m → VOC.PL(UNM)} @ 29.1.1 @ '}
81	VBoT 68		231	Rs. III 2	LUGALi		"<sGr>LUGAL</sGr>-<laes_in/>i<corr c=""?""/><laes_fin/>"	LUGAL-⸢i⸣					"⸢i<corr c=""?""/>"								3	{'mrp1': 'LUGAL=ma- @ Šarrumma @ DN.D/L.SG @ 36.1.1 @ D', 'mrp2': 'LUGAL=ma- @ Šarrumma @ DN.D/L.SG @ 36.1.1 @ D', 'mrp3': 'LUGAL=u- @ König @ D/L.SG @ 28.3.1.1 @ '}
82	VBoT 68		231	Rs. III 3	AGRIG		<d>LÚ.MEŠ</d><sGr>AGRIG</sGr>	~LÚ.MEŠ~AGRIG													1c 	{'mrp1': 'AGRIG=a- @ Verwalter @    { a → NOM.SG(UNM)}    { b → ACC.SG(UNM)}    { c → NOM.PL(UNM)}    { d → ACC.PL(UNM)}    { e → GEN.SG(UNM)}    { f → GEN.PL(UNM)}    { g → D/L.SG(UNM)}    { h → D/L.PL(UNM)}    { i → ALL(UNM)}    { j → ABL(UNM)}    { k → INS(UNM)}    { l → VOC.SG(UNM)}    { m → VOC.PL(UNM)} @ 28.1.1 @ LÚ'}
83	VBoT 68		231	Rs. III 3	kiššan	ki-iš-ša-an	ki-iš-ša-an	ki-iš-ša-an													1	{'mrp1': 'kiššan @ in dieser Weise @  @ DEMadv @ ', 'mrp2': 'kišš= @ kämmen @    { a → PTCP.NOM.SG.N}    { b → PTCP.ACC.SG.N}    { c → PTCP.INDCL} @ I.1.1 @ ', 'mrp3': 'kišš= @ kämmen @ 2SG.IMP @ I.1.1       +=  an @ PPRO.3SG.C.ACC @  @ ', 'mrp4': 'ka- @ dieser @    { a → DEM1.NOM.SG.N}    { b → DEM1.ACC.SG.N} @ 19       +=  ššan @ OBPs @  @ ', 'mrp5': 'gi= @ Elle @    { a → NOM.SG(ABBR)}    { b → ACC.SG(ABBR)}    { c → NOM.PL(ABBR)}    { d → ACC.PL(ABBR)}    { e → GEN.SG(ABBR)}    { f → GEN.PL(ABBR)}    { g → D/L.SG(ABBR)}    { h → D/L.PL(ABBR)}    { i → ALL(ABBR)}    { j → ABL(ABBR)}    { k → INS(ABBR)}    { l → VOC.SG(ABBR)}    { m → VOC.PL(ABBR)} @ 14.2.3       +=  ššan @ OBPs @  @ '}
84	VBoT 68		231	Rs. III 3	tarkummiezi	tar-kum-mi-e-ez-zi	tar-kum-mi-e-ez-zi	tar-kum-mi-e-ez-zi													1	{'mrp1': 'tarkumm=iye/a- @ verkünden @ 3SG.PRS @ I.7 @ '}
85	VBoT 68		231	Rs. III 4	zalpuil		<d>URU</d>za-al-pu-ú-i-il	~URU~za-al-pu-ú-i-il													HAT	{}
86	VBoT 68		231	Rs. III 4	tuḫuppiail		"<d>URU</d>tu-u-ḫu<corr c=""!""/>-up-pí-ia-il<note n=""3"" c=""Text: RI.""/>"	~URU~tu-u-ḫu-up-pí-ia-il					"ḫu<corr c=""!""/>"						"<note n=""3"" c=""Text: RI.""/>"		HAT	{}
87	VBoT 68		231	Rs. III 5	zišzanail		"<d>URU</d>zi-iš-za<corr c=""?""/>-na-il<note n=""4"" c=""Oder <SP_f_AO_3a_Determ>URU</SP_f_AO_3a_Determ><SP_f_AO_3a_Hittite>zi-iš-ḫa-na</SP_f_AO_3a_Hittite>.""/>"	~URU~zi-iš-za-na-il					"za<corr c=""?""/>"						"<note n=""4"" c=""Oder <SP_f_AO_3a_Determ>URU</SP_f_AO_3a_Determ><SP_f_AO_3a_Hittite>zi-iš-ḫa-na</SP_f_AO_3a_Hittite>.""/>"		HAT	{}
88	VBoT 68		231	Rs. III 5	kaštamuil		"<d>URU</d>ga-aš-ta<corr c=""!""/>-mu-il<note n=""5"" c=""Text: ŠA.""/>"	~URU~ga-aš-ta-mu-il					"ta<corr c=""!""/>"						"<note n=""5"" c=""Text: ŠA.""/>"		HAT	{}
89	VBoT 68		231	Rs. III 6	ališail		<d>URU</d>a-li-ša-a-il	~URU~a-li-ša-a-il													HAT	{}
90	VBoT 68		231	Rs. III 6	šakukkitial		<d>URU</d>ša-ku-uk-ki-ti-ia-al	~URU~ša-ku-uk-ki-ti-ia-al													HAT	{}
91	VBoT 68		231	Rs. III 7	ḫakkamiššiail		<d>URU</d>ḫa-ag-ga-mi-iš-ši-ia-il	~URU~ḫa-ag-ga-mi-iš-ši-ia-il													HAT	{}
92	VBoT 68		231	Rs. III 7	tapikkial		<d>URU</d>ta-pí-ik-ki-ia-a<del_in/>l	~URU~ta-pí-ik-ki-ia-a[l													HAT	{}
93	VBoT 68		231	Rs. III 8	ištaḫaral		<d>URU</d>iš-ta-ḫa-ra-al	~URU~iš-ta-ḫa-ra-al													HAT	{}
94	VBoT 68		231	Rs. III 8	malaziail		<d>URU</d>ma-la-az-zi-ia-il	~URU~ma-la-az-zi-ia-il													HAT	{}
95	VBoT 68		231	Rs. III 8			<del_in/>	[														{}
96	VBoT 68		231	Rs. III 8			<del_fin/>	]														{}
97	VBoT 68		231	Rs. III 9	karašmittiail		<d>URU</d>ka-ra-aš-mi-it-ti-ia-il	~URU~ka-ra-aš-mi-it-ti-ia-il													HAT	{}
98	VBoT 68		231	Rs. III 9	uḫḫiual		<d>URU</d>uḫ-ḫi-wa-a-a<del_in/>l	~URU~uḫ-ḫi-wa-a-a[l													HAT	{}
99	VBoT 68		231	Rs. III 9			"<space c=""2""/>"	**														{}
100	VBoT 68		231	Rs. III 9			<del_fin/>	]														{}
101	VBoT 68		231	Rs. III 10			<del_in/>	[														{}
102	VBoT 68		231	Rs. III 10			<del_fin/>	]														{}
103	VBoT 68		231	Rs. III 10	1		<num/>1	1			<num/>1										1	{'mrp1': '1 @ ein @  @ QUANcar @ '}
104	VBoT 68		231	Rs. III 10	IM.GÍD.DA		<sGr>IM.GÍD.DA</sGr>	IM.GÍD.DA													1a 	{'mrp1': 'IM.GÍD.DA= @ (Tontafeltyp) @    { a → NOM.SG(UNM)}    { b → ACC.SG(UNM)}    { c → NOM.PL(UNM)}    { d → ACC.PL(UNM)}    { e → GEN.SG(UNM)}    { f → GEN.PL(UNM)}    { g → D/L.SG(UNM)}    { h → D/L.PL(UNM)}    { i → ALL(UNM)}    { j → ABL(UNM)}    { k → INS(UNM)}    { l → VOC.SG(UNM)}    { m → VOC.PL(UNM)} @ 29.1.1 @ '}
105	VBoT 68		231	Rs. III 10	QA-TI		<aGr>QA-TI</aGr>	#QA-TI#													1a 	{'mrp1': 'QATÛ @ vollendet @    { a → NOM.SG(UNM)}    { b → ACC.SG(UNM)}    { c → NOM.PL(UNM)}    { d → ACC.PL(UNM)}    { e → GEN.SG(UNM)}    { f → GEN.PL(UNM)}    { g → D/L.SG(UNM)}    { h → D/L.PL(UNM)}    { i → ALL(UNM)}    { j → ABL(UNM)}    { k → INS(UNM)}    { l → VOC.SG(UNM)}    { m → VOC.PL(UNM)} @  @ ', 'mrp2': 'QATÛ @ zu Ende gehen @ 3SG.PRS @  @ ', 'mrp3': 'QĀTU @ Hand @    { a → NOM.SG(UNM)}    { b → ACC.SG(UNM)}    { c → NOM.PL(UNM)}    { d → ACC.PL(UNM)}    { e → GEN.SG(UNM)}    { f → GEN.PL(UNM)}    { g → D/L.SG(UNM)}    { h → D/L.PL(UNM)}    { i → ALL(UNM)}    { j → ABL(UNM)}    { k → INS(UNM)}    { l → VOC.SG(UNM)}    { m → VOC.PL(UNM)} @  @ '}
106	VBoT 68		231	Rs. III 10			<del_in/>	[														{}
107	VBoT 68		231	Rs. III 10			"<space c=""25""/>"	*************************														{}
108	VBoT 68		231	Rs. III 10			<del_fin/>	]														{}
109	VBoT 68		231	Rs. III 11	mân		<del_in/>ma-a-an	[ma-a-an													2	{'mrp1': 'mân @ wie @  @ POSP @ ', 'mrp2': 'mân @ wenn @  @ CNJ @ ', 'mrp3': 'mân @ wie @  @ CNJ @ '}
110	VBoT 68		231	Rs. III 11	LUGALuš		<sGr>LU<del_fin/>GAL</sGr>-uš	LU]GAL-uš													1a 	{'mrp1': 'LUGAL=u- @ König @    { a → FNL(u).NOM.SG.C}    { b → ACC.PL.C} @ 28.3.1.1 @ ', 'mrp2': 'LUGAL=ma- @ Šarrumma @    { a → DN.STF}    { b → DN.HURR.ABS} @ 36.1.1       +=  uš @ PPRO.3PL.C.ACC @  @ D', 'mrp3': 'LUGAL=ma- @ Šarrumma @    { a → DN.STF}    { b → DN.HURR.ABS} @ 36.1.1       +=  uš @ PPRO.3PL.C.ACC @  @ D', 'mrp4': 'LUGAL=u- @ König @    { a → NOM.SG(UNM)}    { b → ACC.SG(UNM)}    { c → NOM.PL(UNM)}    { d → ACC.PL(UNM)}    { e → GEN.SG(UNM)}    { f → GEN.PL(UNM)}    { g → D/L.SG(UNM)}    { h → D/L.PL(UNM)}    { i → ALL(UNM)}    { j → ABL(UNM)}    { k → INS(UNM)}    { l → VOC.SG(UNM)}    { m → VOC.PL(UNM)} @ 28.3.1.1       +=  uš @ PPRO.3PL.C.ACC @  @ '}
111	VBoT 68		231	Rs. III 11	arinna		<d>URU</d>a-ri-in-na	~URU~a-ri-in-na													1i 	{'mrp1': 'arinn=a- @ Arinna @    { a → GN.NOM.SG(UNM)}    { b → GN.ACC.SG(UNM)}    { c → GN.GEN.SG(UNM)}    { d → GN.D/L.SG(UNM)}    { e → GN.ALL(UNM)}    { f → GN.ABL(UNM)}    { g → GN.INS(UNM)}    { h → GN.VOC.SG}    { i → GN.STF}    { j → GN.HURR.ABS.SG} @ 39.2 @ URU', 'mrp2': 'arin= @ Arin @    { a → GN.NOM.SG(UNM)}    { b → GN.ACC.SG(UNM)}    { c → GN.GEN.SG(UNM)}    { d → GN.D/L.SG(UNM)}    { e → GN.ALL(UNM)}    { f → GN.ABL(UNM)}    { g → GN.INS(UNM)}    { h → GN.VOC.SG(UNM)}    { i → GN.HURR.ABS.SG} @ 39.1 @ URU       +=  ya @ CNJadd @ ', 'mrp3': 'arin=a- @ Arinna @    { a → GN.NOM.SG(UNM)}    { b → GN.ACC.SG(UNM)}    { c → GN.GEN.SG(UNM)}    { d → GN.D/L.SG(UNM)}    { e → GN.ALL(UNM)}    { f → GN.ABL(UNM)}    { g → GN.INS(UNM)}    { h → GN.VOC.SG(UNM)}    { i → GN.HURR.ABS.SG} @ 39.2 @ URU       +=  ya @ CNJadd @ '}
112	VBoT 68		231	Rs. III 11	I-NA MU		<aGr><laes_in/>I-NA<laes_fin/></aGr> <sGr>MU</sGr>	#⸢I-NA⸣# MU													1a 	{'mrp1': 'MU= @ Jahr @    { a → …:D/L.SG}    { b → …:D/L.PL}    { c → …:ABL} @ 28.12.1 @ '}
113	VBoT 68		231	Rs. III 11	2		"<num/>2<corr c=""?""/><d>KAM</d>"	2~KAM~			<num/>2		"2<corr c=""?""/>"								1	{'mrp1': '2 @ zwei @  @ QUANcar @ '}
114	VBoT 68		231	Rs. III 12			<del_in/>	[														{}
115	VBoT 68		231	Rs. III 12			"<space c=""18""/>"	******************														{}
116	VBoT 68		231	Rs. III 12			<del_fin/>x-<laes_in/>ta<laes_fin/>	]x-⸢ta⸣													DEL	{}
